id,primary_name,count_current_type,deposits_funders_current,funders_current_type
297,Springer Science and Business Media LLC,747392,TRUE,0.005140542044870697
301,Informa UK Limited,388014,TRUE,0
286,Oxford University Press (OUP),355242,TRUE,0
1121,JSTOR,322681,FALSE,0
374,Walter de Gruyter GmbH,220051,TRUE,0
78,Elsevier BV,135913,TRUE,0.01486980642028356
56,Cambridge University Press (CUP),58876,TRUE,0
3821,Nomos Verlag,57972,TRUE,0
2984,Bloomsbury Academic,53999,FALSE,0
2432,IGI Global,32721,FALSE,0
50,Brill,31799,TRUE,0
2918,Edward Elgar Publishing,27242,FALSE,0
5471,Transcript Verlag,23866,FALSE,0
9818,Atena Editora Edição de Livros Ltda,23598,FALSE,0
165,Bristol University Press,21767,TRUE,0
7834,United Nations Publications,20131,FALSE,0
16089,Brill Deutschland GmbH,19290,TRUE,0
219,World Scientific Pub Co Pte Ltd,17545,TRUE,0
2399,OpenEdition,16887,TRUE,0.01000769822940724
6055,Verlag C.H.Beck oHG,15287,FALSE,0
3774,IntechOpen,15274,FALSE,0
1574,Atlantis Press SARL,15156,TRUE,0.1049089469517023
2273,CAIRN,14116,FALSE,0
140,Emerald,13578,TRUE,0
7832,NYU Press,12842,FALSE,0
4694,Sciencedomain International,11128,FALSE,0
5164,Yale University Press,10718,FALSE,0
194,Georg Thieme Verlag KG,9995,TRUE,0
11875,Even3,9145,FALSE,0
408,University of California Press,9130,TRUE,0
24862,Editora Cientifica Digital,8385,FALSE,0
4359,Columbia University Press,8251,FALSE,0
281,MIT Press,8055,TRUE,0
4230,Manchester University Press,7706,FALSE,0
20809,Rutgers University Press,7148,FALSE,0
7437,IOS Press,7138,FALSE,0
1963,Organisation for Economic Co-Operation and Development (OECD),6842,FALSE,0
1696,University of Toronto Press Inc. (UTPress),6339,FALSE,0
73,Duke University Press,6004,FALSE,0
965,Bentham Science Publishers Ltd.,5865,TRUE,0
1697,Carl Hanser Verlag,5802,FALSE,0
7597,Brepols Publishers NV,5113,TRUE,0
19460,Haufe-Lexware GmbH and Co. KG,4942,FALSE,0
793,Springer Publishing Company,4327,FALSE,0
12323,World Trade Organization,4116,FALSE,0
21860,Editora Poisson,4115,FALSE,0
2652,Harvard University Press,4112,FALSE,0
4434,Cornell University Press,4091,FALSE,0
179,SAGE Publications,4084,TRUE,0
4802,Verlag Dr. Otto Schmidt,3991,FALSE,0
4759,University of Pennsylvania Press,3945,FALSE,0
16537,Pimenta Cultural,3871,FALSE,0
1931,Edinburgh University Press,3793,FALSE,0
23658,Editora Conhecimento Livre,3767,FALSE,0
250,EDP Sciences,3447,TRUE,0
266,IOP Publishing,3275,TRUE,0
27363,AYA Editora,3014,FALSE,0
292,Royal Society of Chemistry (RSC),2977,TRUE,0
27115,Editora e-Publicar,2948,FALSE,0
11982,Publishing House Baltija Publishing,2944,FALSE,0
16987,Vervuert Verlag oHG,2934,FALSE,0
28402,VDI Verlag GmbH,2930,FALSE,0
6036,RWS Verlag GmbH,2925,FALSE,0
34671,Seven Events,2826,FALSE,0
1757,John Benjamins Publishing Company,2747,TRUE,0
242,CABI Publishing,2740,FALSE,0
3287,The Pennsylvania State University Press,2692,TRUE,0
9289,"Channel View Publications, Ltd.",2690,FALSE,0
29384,Editora Amplla,2507,FALSE,0
200,University of Chicago Press,2490,TRUE,0
12270,Psychosozial-Verlag GmbH and Co. KG,2418,FALSE,0
26354,Rfb Editora,2397,FALSE,0
265,Institution of Engineering and Technology (IET),2390,TRUE,0
31705,Brill Osterreich GmbH,2388,FALSE,0
530,FapUNIFESP (SciELO),2368,TRUE,0
38456,Editora Pasteur,2354,FALSE,0
28043,Editora Dialetica,2311,FALSE,0
417,American Academy of Pediatrics (AAP),2252,FALSE,0
15,American Psychological Association (APA),2146,TRUE,0.0260950605778192
3180,Amsterdam University Press,2133,TRUE,0
4442,University of Texas Press,2086,FALSE,0
28327,Arco Editores,1968,FALSE,0
30764,South Florida Publishing LLC,1935,FALSE,0
39342,University of British Columbia Press,1920,FALSE,0
16894,Gorgias Press LLC,1861,FALSE,0
33854,Scientia Solucoes Digitais LTDA,1832,FALSE,0
2165,Liverpool University Press,1803,FALSE,0
3948,GN1 Sistemas e Publicacoes Ltd.,1771,FALSE,0
5425,University Press of Mississippi,1767,FALSE,0
4923,Open Book Publishers,1761,TRUE,0.08347529812606475
16613,Realize Eventos Cientificos e Editora LTDA,1693,FALSE,0
5556,Michigan State University Press,1681,FALSE,0
5267,"Vandenhoeck & Ruprecht GmbH & Co, KG",1658,FALSE,0
351,Society for Industrial & Applied Mathematics (SIAM),1651,TRUE,0
22549,Fundacao Fenix,1632,FALSE,0
4211,University of Warsaw,1618,TRUE,0
26411,ICSP - New Science,1601,FALSE,0
36593,Frank & Timme GmbH,1569,FALSE,0
10443,Editora CRV,1525,FALSE,0
3779,University of Minnesota Press,1444,FALSE,0
23025,Editora Inovar,1439,FALSE,0
3102,University of North Carolina Press (publisher),1409,FALSE,0
3673,University of Illinois Press,1405,FALSE,0
14,American Mathematical Society (AMS),1355,TRUE,0
25375,International Science Group,1295,FALSE,0
12144,Edizioni Ca Foscari,1294,FALSE,0
23521,Erich Schmidt Verlag GmbH & Co. KG,1280,FALSE,0
7806,"Faculty of Philology, University of Belgrade",1178,FALSE,0
10341,Princeton University Press,1172,FALSE,0
112,ISEAS - Yusof Ishak Institute,1171,FALSE,0
26693,Editora Omnis Scientia,1170,FALSE,0
9752,ANU Press,1164,FALSE,0
3104,"Editora Edgard Blucher, Ltda.",1162,FALSE,0
4618,CEU Educational-Service Non-profit LLC,1142,FALSE,0
558,World Bank,1128,FALSE,0
3910,University Press of Colorado,1125,FALSE,0
9495,British Small Animal Veterinary Association,1117,FALSE,0
358,Intellect,1108,TRUE,0
21000,Verlag Julius Klinkhardt GmbH & Co. KG,1073,FALSE,0
23781,Editora Artemis,1051,FALSE,0
189,SPIE-Intl Soc Optical Eng,1047,TRUE,0
3749,University Press of Florida,1043,TRUE,0
3380,Fordham University Press,990,FALSE,0
8434,Wits University Press,985,FALSE,0
26840,V & V Editora,967,FALSE,0
21822,Firenze University Press,964,TRUE,0
317,AIP Publishing,922,TRUE,0
5084,Ksiegarnia Akademicka Sp. z.o.o.,918,TRUE,0
32105,Agron Food Academy,904,FALSE,0
37787,Özgür Yayınları,897,FALSE,0
2580,AOSIS,892,FALSE,0
316,American Chemical Society (ACS),888,TRUE,0
8044,Uniwersytet Lodzki (University of Lodz),837,TRUE,0
4815,DETAIL Business Information GmbH,825,FALSE,0
28627,Uniedusul Editora,817,FALSE,0
22561,Editora Itacaiunas,798,FALSE,0
10140,Narr Francke Attempto Verlag GmbH + Co. KG,774,FALSE,0
30656,Editora Dialogos,758,FALSE,0
25683,Pantanal Editora,741,FALSE,0
38192,All Sciences Proceedings,741,FALSE,0
8939,ISTE Group,729,FALSE,0
30151,Smt Vimla Devi Education Society,717,FALSE,0
25667,Editions des archives contemporaines,712,FALSE,0
5302,Harrassowitz Publishing House,708,FALSE,0
22151,Faculdade de Filosofia e Ciências,690,FALSE,0
17931,MWV Medizinisch Wissenschaftliche Verlagsgesellschaft mbH and Co. KG,689,FALSE,0
4169,Franco Angeli,666,FALSE,0
945,IWA Publishing,661,TRUE,0
2869,Editora Cubo,656,FALSE,0
8180,Burleigh Dodds Science Publishing Limited,636,FALSE,0
9747,A. M. Gorky Institute of World Literature of the Russian Academy of Sciences,636,TRUE,0
3827,University Press of Kentucky,626,FALSE,0
21873,Liha-Pres,626,FALSE,0
27242,Amplamente Cursos e Formacao Continuada,622,FALSE,0
4498,Boehlau Verlag Ges.m.b.H. & Co. KG,621,FALSE,0
30674,Wissenschaftliche Verlagsgesellschaft mbH,618,TRUE,0
3895,British Academy,612,FALSE,0
81,European Respiratory Society (ERS),610,TRUE,0
8249,Federal Center of Theoretical and Applied Sociology of the Russian Academy of Sciences (FCTAS RAS),588,TRUE,0
9951,Cappelen Damm AS - Cappelen Damm Akademisk,570,FALSE,0
11192,Istanbul University,562,FALSE,0
16235,Institute of Slavic Studies of the Russian Academy of Sciences,560,TRUE,0
28677,Universidade Federal de Pernambuco,558,FALSE,0
23908,University Bordeaux Montaigne,555,FALSE,0
8053,University of Maribor,545,FALSE,0
30480,Encontrografia Editora Ltda,527,FALSE,0
27836,Epitaya Propriedade Intelectual e Editora LTDA,520,FALSE,0
23502,Vide Leaf,484,FALSE,0
127,S. Karger AG,482,FALSE,0
735,Thomas Telford Ltd.,482,FALSE,0
10770,Universitatsverlag Gottingen,481,TRUE,0
6464,Pontifical University of John Paul II in Krakow,480,FALSE,0
26887,Editora In Vivo,475,FALSE,0
9283,University of Minho,471,TRUE,0
18453,Geotar-Media Publishing Group,469,FALSE,0
27946,Universidad de los Andes - Ediciones Uniandes,466,FALSE,0
22676,University of Bern,461,FALSE,0
30,American Society of Civil Engineers (ASCE),458,FALSE,0
25876,Editora Ilustracao,457,FALSE,0
24095,WTM-Verlag,456,FALSE,0
320,Association for Computing Machinery (ACM),453,TRUE,0
8050,AFRICAN SUN MeDIA,452,FALSE,0
20417,Stricto Sensu Editora,447,FALSE,0
16438,Publishing House Sreda,443,TRUE,0.02031602708803612
23835,The WAC Clearinghouse,429,FALSE,0
894,American Society of Health-System Pharmacists,423,FALSE,0
25732,Universitatsbibliothek Bamberg,419,TRUE,0
5739,Coimbra University Press,412,FALSE,0
11033,University of Primorska Press,410,FALSE,0
381,ASTM International,397,FALSE,0
11924,Navegando Publicacoes,392,FALSE,0
23,American Pharmacists Association,391,FALSE,0
20913,MARES EDITORES,387,FALSE,0
35044,SCISAUDE,376,FALSE,0
31155,Bookerfield,374,FALSE,0
9191,"Materials Research Forum, LLC",373,FALSE,0
9784,Universidad Nacional Abierta y a Distancia,373,FALSE,0
257,Geological Society of America,372,FALSE,0
9982,Centro Latino-Americano de Estudos em Cultura - CLAEC,369,FALSE,0
844,American Public Health Association,367,FALSE,0
37923,Editora Academic,352,FALSE,0
22117,Ludomedia Unipessoal Lda,351,FALSE,0
4811,Stanford University Press,350,FALSE,0
26283,Invepy y Asociados S.C.,339,FALSE,0
19989,Universidade Estadual de Alagoas,335,FALSE,0
34610,Fagbokforlaget Vigmostad & Bjorke,332,FALSE,0
7550,Universidad Castilla la Mancha,327,FALSE,0
11170,Pisa University Press,322,FALSE,0
33,ASME International,311,TRUE,0
21203,Exon Publications,306,FALSE,0
3798,Hong Kong University Press,303,FALSE,0
24499,The Nelson-Atkins Museum of Art,303,FALSE,0
31230,Institute of Archaeology of the Russian Academy of Sciences,297,FALSE,0
14553,ASM International,283,FALSE,0
28892,DP Express-obyava,279,FALSE,0
5722,Research-Publishing.net,278,TRUE,0.07194244604316546
26730,"Revista Praticas Educativas, Memorias e Oralidades",277,FALSE,0
31511,Turkish Academy of Sciences,277,TRUE,0
2673,European Mathematical Society - EMS - Publishing House GmbH,270,TRUE,0
4512,Russell Sage Foundation,254,FALSE,0
16852,International Journal Education and Teaching,249,FALSE,0
3933,Lockwood Press,248,FALSE,0
7352,Universidade da Coruna,247,FALSE,0
31476,Literacia Cientifica Editora & Cursos,245,FALSE,0
31467,Editora Creative,240,FALSE,0
1387,American Institute of Aeronautics and Astronautics (AIAA),237,TRUE,0
9324,Eötvös Loránd University,236,FALSE,0
10675,Escuela Superior de Guerra,232,FALSE,0
28470,United Research Forum,231,FALSE,0
230,American Psychiatric Association Publishing,229,TRUE,0
2363,The Research Center of the Slovenian Academy of Sciences and Arts (ZRC SAZU),224,FALSE,0
37003,Editora Licuri,220,FALSE,0
21213,Brazilian Journal - Publicacoes e Editora,219,FALSE,0
1378,DAAAM International,216,FALSE,0
6601,Stockholm University Press,212,TRUE,0
6950,"Faculty of Humanities and Social Sciences, University of Zagreb",211,FALSE,0
28394,Periodicojs,210,FALSE,0
7994,Poznan University of Economics,209,FALSE,0
28676,Editora ZH4,209,FALSE,0
31127,Akademia Techniczno-Humanistyczna w Bielsku-Bialej,208,FALSE,0
9634,University of Latvia,206,FALSE,0
7604,Scandinavian University Press / Universitetsforlaget AS,197,TRUE,0
39071,Grupo Editorial Biblioteca,197,FALSE,0
28687,Ministerio Publico do Trabalho,195,FALSE,0
432,Now Publishers,194,TRUE,0
35231,Instituto de Neurologia de Curitiba,190,FALSE,0
4687,Akademizdatcenter Nauka,189,FALSE,0
14882,New Delhi Publishers,186,FALSE,0
31474,Magyarsagkutato Intezet,183,FALSE,0
10370,Universidad Autonoma Metropolitana,182,FALSE,0
18045,Revista Cientifica Multidisciplinar Nucleo Do Conhecimento,182,TRUE,0
26649,Madl Ferenc Osszehasonlito Jogi Intezet,182,FALSE,0
14482,British Psychological Society,181,FALSE,0
9621,PubPub,178,FALSE,0
7673,BIBLIO-GLOBUS Publishing House,177,FALSE,0
10001,"Goodfellow Publishers, Ltd.",176,FALSE,0
26325,"Sachsische Landesbibliothek, Staats- und Universitatsbibliothek Dresden",175,FALSE,0
28869,University of Ljubljana,173,TRUE,0
3846,Masaryk University Press,171,FALSE,0
27023,Deutscher Arzteverlag GmbH,170,FALSE,0
32440,Texto e Contexto Editora,170,FALSE,0
27206,Mantech Publications,167,FALSE,0
30757,"Journal of Education, Science and Health - JESH",167,FALSE,0
8100,Sistema de Bibliotecas PUCP,166,FALSE,0
20543,Editora Sertaocult,166,FALSE,0
7091,Verlag Barbara Budrich GmbH,164,FALSE,0
16914,Universidad Mariana,164,FALSE,0
24947,University Library in Kragujevac,163,FALSE,0
27000,Editora Nomada,162,FALSE,0
27560,Ribeirao Grafica e Editora,162,FALSE,0
5067,Editorial Universidad de Sevilla,160,FALSE,0
24587,Universitatsbibliothek Kiel,159,FALSE,0
28495,Associacao Brasileira de Enfermagem,159,FALSE,0
9479,Carleton University,156,FALSE,0
35597,Institute of Comparative Law,155,FALSE,0
10542,The Pedagogical University of Cracow/Uniwersytet Pedagogiczny w Krakowie,154,FALSE,0
5351,Ediciones Universidad de Salamanca,153,FALSE,0
9208,"Universidade do Porto, Faculdade de Letras",153,FALSE,0
18479,Eszterhazy Karoly Egyetem,153,FALSE,0
26833,Alianza de Investigadores Internacionales SAS,151,FALSE,0
28463,"Lestu Editora, Grafica e Consultoria Ltda.",151,FALSE,0
38836,wbv Publikation,151,FALSE,0
6272,Wroclaw University of Economics and Business,150,FALSE,0
16667,Buryat Scientific Center SB RAS,150,FALSE,0
28015,Associacao Brasileira de Antropologia,150,FALSE,0
36938,FCiências.ID - Associação para a Investigação e Desenvolvimento de Ciências,149,FALSE,0
23720,Altai State Pedagogical University,146,FALSE,0
5307,National Research and Innovation Agency,143,FALSE,0
34096,American Registry of Pathology,142,FALSE,0
10728,Universidad del Valle,140,FALSE,0
4545,Bridget Williams Books,138,FALSE,0
18616,Helsinki University Press,136,TRUE,0
5965,University Library of Pecs,135,FALSE,0
29737,"Nova Science Publishers, Inc.",135,FALSE,0
12398,FSBEO HPE Moscow State University of Railway Engineering (MIIT),134,FALSE,0
32521,Central European Academic Publishing,134,FALSE,0
23180,ICI Berlin,133,FALSE,0
5724,Editorial Universidad Catolica de Colombia,132,FALSE,0
11725,Budapesti Gazdasagi Egyetem,132,FALSE,0
28122,Morula Editorial,132,FALSE,0
30948,Fundacao Dom Cabral,132,FALSE,0
36783,World of Science,131,FALSE,0
16383,LSE Press,129,TRUE,0
27169,European Scientific Platform (Publications),129,FALSE,0
32956,utb GmbH,129,FALSE,0
37384,The Indianapolis Museum of Art at Newfields,129,FALSE,0
8707,University of Sussex,126,FALSE,0
6101,University of Bialystok,125,FALSE,0
21771,Santiago de Cali University,124,FALSE,0
6902,Universidad EAFIT,123,TRUE,0
20793,ECORFAN,123,FALSE,0
21102,Soproni Egyetem Kiado,123,FALSE,0
31179,punctum books,123,TRUE,0
24850,Open Books at Lund University,121,FALSE,0
5465,Penguin Random House Verlagsgruppe GmbH,120,FALSE,0
9452,Makadam,120,FALSE,0
26266,Archaeopress Publishing Ltd,120,FALSE,0
31242,Wydawnictwo Naukowe PWN SA,120,FALSE,0
6364,The Atomic Energy Society of Japan,118,FALSE,0
29305,Pedro & Joao Editores LTDA M.E.,118,FALSE,0
11058,LLC Perspectiva,116,FALSE,0
3742,Sociedade Brasileira de Computacao - SB,113,TRUE,0
5286,"Alcide De Gasperi University of Euroregional Economy in Jozefow, Poland",113,FALSE,0
26364,Khamai Foundation,113,FALSE,0
29403,Niederosterreichisches Institut fur Landeskunde (NOIL),113,FALSE,0
6588,University of Westminster Press,112,FALSE,0
35498,Universo DOC Ltda.,112,FALSE,0
7875,Fundacao Educacional de Criciuma- FUCRI,111,FALSE,0
33090,Comite Brasileiro de Historia da Arte,111,FALSE,0
33866,Puerto Madero Editorial Académica,111,FALSE,0
426,Equinox Publishing,109,FALSE,0
9290,Escuela Militar de Cadetes Jose Maria Cordova,109,TRUE,0
19856,RISCOS - Associacao Portuguesa de Riscos Prevencao e Seguranca,109,FALSE,0
1968,MDPI AG,107,TRUE,0
9764,Revista Juventude e Politicas Publicas,107,FALSE,0
21497,The International Federation for Structural Concrete,107,FALSE,0
22118,World Institute for Advanced Research and Science,106,FALSE,0
24869,University of Nis - Faculty of Philosophy,106,FALSE,0
28320,E-papers Servicos Editoriais Ltda,106,FALSE,0
29269,Editora Colab,105,FALSE,0
3884,Philosophy Documentation Center,104,TRUE,0
10187,Versus Verlag AG,104,FALSE,0
5401,University of Szeged,102,TRUE,0
38007,Red Latinoamericana de Investigación Contemporánea S.A.S.,102,FALSE,0
9298,Editora Letra1,99,FALSE,0
16825,Lincoln University College,99,FALSE,0
17127,Vinogradov Russian Language Institute of the Russian Academy of Sciences,99,FALSE,0
27362,Vecher Educacao e Comunicacao Ltda,98,FALSE,0
37847,Globethics Publications,98,FALSE,0
3285,"Ubiquity Press, Ltd.",97,TRUE,0
33397,Consejo Latinoamericano de Ciencias Sociales,97,FALSE,0
1029,International Ocean Discovery Program (IODP),96,TRUE,0.7604166666666667
5855,Adam Mickiewicz University Poznan,96,FALSE,0
9354,Corporacion Universitaria del Caribe - CECAR,96,FALSE,0
25627,OKTAN PRINT s.r.o.,95,FALSE,0
38378,"Dykinson, S.L.",95,FALSE,0
11159,"Universidade Autonoma de Lisboa, EdiUal",94,FALSE,0
25201,Institute of Psychology Russian Academy of Sciences,94,FALSE,0
329,International Union of Crystallography (IUCr),93,TRUE,0
1543,American School of Classical Studies at Athens (ASCSA),93,FALSE,0
5403,ScienceOpen,93,TRUE,0
6283,Sotsial'no-Gumanitarnoe Znanie Publishing House,93,FALSE,0
30083,Slavica Publishers,92,FALSE,0
32390,Milano University Press,91,FALSE,0
3983,University of Huddersfield Press,90,FALSE,0
26307,Revista Teorico-Pratico,90,FALSE,0
4398,AGHU University of Science and Technology Press,89,FALSE,0
27447,Presses Universitaires de Caen,89,FALSE,0
27616,University of Exeter Press,88,FALSE,0
6218,Private Company Technology Center,87,FALSE,0
12297,GITO mbH Verlag,87,FALSE,0
13868,University of Johannesburg,87,FALSE,0
28622,DEE International Publishing Lda,87,FALSE,0
1665,Scientific Societies,85,TRUE,0
26181,Goce Delchev University - Shtip,85,FALSE,0
26816,Fundacao Universidade Federal de Rondonia,85,FALSE,0
17200,Universidad Catolica de Pereira,84,FALSE,0
1167,American Diabetes Association,82,TRUE,0
11155,Corporacion Minuto de Dios University - UNIMINUTO,81,FALSE,0
30390,EDITORA TOTALBOOKS,81,FALSE,0
37467,Editura Tehnopress,81,FALSE,0
25722,Wallstein Verlag GmbH,80,TRUE,0
24915,Federal State Institution of Science Institute of Linguistics of the Russian Academy of Sciences,78,FALSE,0
21583,Progettinrete Srl,76,FALSE,0
1193,Association for the Advancement of Medical Instrumentation (AAMI),74,FALSE,0
4927,Bogucki Wydawnictwo Naukowe,74,FALSE,0
30971,Pelagic Publishing,74,FALSE,0
17289,Educational Research Institute,73,FALSE,0
19167,Wydawnictwo i Pracownia Archeologiczna PROFIL-ARCHEO,73,FALSE,0
4571,Pontificia Universidad Catolica de Chile,72,FALSE,0
7132,Universidad de Antioquia,72,FALSE,0
33790,SDSN Association Inc.,72,FALSE,0
34616,Editora Science,72,FALSE,0
6805,CIESPAL,71,FALSE,0
8215,Instituto de Investigaciones Filologicas,71,FALSE,0
28464,University Library J. C. Senckenberg,71,FALSE,0
186,Society of Exploration Geophysicists,70,TRUE,0
27887,Artes Liberales sp. z o.o.,70,FALSE,0
12912,University of Helsinki Libraries,69,FALSE,0
27203,"Charak Samhita Research, Training and Skill Development Centre",69,FALSE,0
32562,Universitas-Gyor,69,FALSE,0
634,Modern Language Association (MLA),68,TRUE,0
15204,Waxmann,68,FALSE,0
6598,Consello da Cultura Galega,67,FALSE,0
18505,Seismo Verlag AG,67,FALSE,0
19699,Editora Universitaria EduFatecie,67,FALSE,0
25426,Staats- und Universitatsbibliothek Hamburg Carl von Ossietzky,67,TRUE,0
35850,ARA Editora,67,FALSE,0
36582,Tribunal Superior Eleitoral,67,FALSE,0
860,Society for Sedimentary Geology,66,FALSE,0
11483,The Duke Clinical Research Institute,66,FALSE,0
26316,ASP Editions,66,FALSE,0
28397,Revista Multidisciplinar em Saude,66,FALSE,0
31912,Verlag Scheidegger & Spiess AG,66,FALSE,0
6469,Ural Federal University,65,FALSE,0
11286,ABA Espana LLC,65,FALSE,0
22518,Technoarete Research and Development Association,65,FALSE,0
7053,Universidade Tiradentes,64,FALSE,0
8736,Asociacion Espanola de Geografia,64,FALSE,0
17914,Publishing House Helvetica (Publications),64,FALSE,0
25057,Publishing House Znanie-M,64,FALSE,0
6142,University of Ostrava,63,FALSE,0
16396,Association of Economists and Managers of the Balkans - Udekom Balkan,63,FALSE,0
9096,Saint Petersburg State University,62,FALSE,0
22140,The Forum on Education Abroad,62,FALSE,0
26494,"INET-md, Faculdade de Motricidade Humana, Universidade de Lisboa",62,FALSE,0
29297,LIT Verlag,62,TRUE,0
32937,Editora SORIAN,62,FALSE,0
11647,UNESCO,61,FALSE,0
12595,Universidad Internacional de Andalucia,61,FALSE,0
16132,University of Silesia in Katowice,61,FALSE,0
2,American Association of Petroleum Geologists AAPG/Datapages,60,FALSE,0
10427,Letra e Imagem Editora e Producoes Ltda,60,FALSE,0
26875,GNT-Verlag GmbH,60,FALSE,0
31202,Grozny State Oil Technical University named after Academician M. D. Millionshchikov,59,FALSE,0
1807,White Horse Press,58,FALSE,0
28710,Proud Pen Limited,58,FALSE,0
35371,EDITCONCEPT S.R.L.,58,FALSE,0
35873,Leykam Buchverlagsgesellschaft m.b.H. & Co KG,58,FALSE,0
460,American Fisheries Society,57,FALSE,0
7767,Appris Editora e Livraria Eireli - ME,57,FALSE,0
11670,Castledown Publishers,57,FALSE,0
11916,Institut za Savremenu Istoriju,57,FALSE,0
35076,Poznanskie Towarzystwo Przyjaciol Nauk,57,FALSE,0
7847,Universidade do Oeste de Santa Catarina,56,FALSE,0
8965,Nordic Academic Press,56,FALSE,0
9272,Simon Fraser University Library,56,FALSE,0
9782,Tikinet Edicao Ltda. - EPP,56,FALSE,0
16050,Brazil Publishing,56,FALSE,0
33244,Editora Arquetipos Ltda,56,FALSE,0
23701,Magyar Rendeszettudomanyi Tarsasag,55,FALSE,0
27835,Pro-Metrics,55,TRUE,0
14118,Bibliotheque de l'Universite Laval,54,FALSE,0
17115,Institute of Russian Literature Pushkinskij Dom RAN,54,FALSE,0
25646,Hochschule der Kunste Bern HKB,54,TRUE,0
26075,CSMFL Publications,53,FALSE,0
30336,Sun Media Bloemfontein Pty Ltd,53,FALSE,0
31194,Westend Verlag,53,FALSE,0
32157,Arizona Center for Medieval and Renaissance Studies,53,FALSE,0
32984,STUDIO NOA,52,FALSE,0
32988,Universitatea de Arhitectura si Urbanism Ion Mincu,52,FALSE,0
36111,Publishing House 'Kluch-S',52,FALSE,0
10,American Medical Association (AMA),51,FALSE,0
10365,Universidad de Boyacá,51,FALSE,0
11055,Eleyon Publishers,51,FALSE,0
12273,Logos Verlag Berlin GmbH,51,FALSE,0
27891,Fundacion de estudios parlamentarios y del Estado autonomico Manuel Gimenez Abad,51,FALSE,0
38179,Edition Reichenberger,51,FALSE,0
5117,Universidade de Estado do Rio de Janeiro,50,FALSE,0
21218,Instituto Universitario de Innovacion Ciencia y Tecnologia Inudi Peru,50,FALSE,0
31024,Editora Hipotese,50,FALSE,0
7329,Aletheia - Associacao Cientifica e Cultural,49,FALSE,0
7931,Asociatia LUMEN,49,FALSE,0
861,Society of Petroleum Engineers (SPE),48,FALSE,0
21695,Editorial Octaedro,48,FALSE,0
34150,Escola Superior da Magistratura do Maranhao,48,FALSE,0
7948,Cardiff University Press,47,FALSE,0
31328,Fundacao Itau para a Educacao e Cultura,47,FALSE,0
9247,Universidad de Bogota Jorge Tadeo Lozano,46,FALSE,0
11630,University of KwaZulu-Natal,46,FALSE,0
25931,Centro de Investigaciones en Ciencias Sociales y Humanidades desde America Latina,46,FALSE,0
33468,Universite de Limoges,46,FALSE,0
33546,Research and Educational Innovation Center of Social Transformations,46,FALSE,0
36085,Editora Ecodidatica,46,FALSE,0
36484,The Leonard A. Lauder Research Center for Modern Art,46,FALSE,0
6051,Embry-Riddle Aeronautical University/Hunt Library,45,FALSE,0
6254,University of Rzeszow,44,FALSE,0
30828,International Visual Literacy Association,44,FALSE,0
39367,Alerta Publishing House,44,FALSE,0
109,Institute for Operations Research and the Management Sciences (INFORMS),43,FALSE,0
7964,Escuela de Postgrados de la FAC,43,TRUE,0
24751,Aisthesis Verlag,43,FALSE,0
29303,Interativa Design,43,FALSE,0
29570,Imprensa Universitaria da Universidade Federal do Ceara,43,FALSE,0
7608,Universidad San Francisco De Quito,42,FALSE,0
8875,ABEC Publicacoes,42,FALSE,0
11172,Editora Scienza,42,FALSE,0
16477,Editorial UFV,42,FALSE,0
27161,Universidad de Otavalo,42,FALSE,0
28224,Digital Editora,42,FALSE,0
34598,The Law Brigade Publishers,42,FALSE,0
38995,San International Scientific Publications,42,FALSE,0
8605,Macedonian Academy of Sciences and Arts,41,FALSE,0
17749,LETRA Alapitvany,41,FALSE,0
21084,EDITIONS QUAE,41,FALSE,0
23739,Metis Presses SARL,41,FALSE,0
34478,Vox Littera,41,FALSE,0
38950,"Sakarya University, Scientific Publications Coordinatorship",41,FALSE,0
3614,Polish Botanical Society,40,FALSE,0
5610,Associacao Brasileira de Engenharia de Producao - ABEPRO,40,FALSE,0
10493,FSAEIHE Far Eastern Federal University (FEFU),40,FALSE,0
16272,Daghestan Federal Research Center of Russian Academy of Science,40,TRUE,0
23757,"Higher educational institution, Podillia State University",40,FALSE,0
32552,Wydawnictwo Episteme,40,FALSE,0
2894,Institut Za Lokalno Samoupravo in Javna Narocila Maribor,39,FALSE,0
11540,"P.P. Shirshov Institute of Oceanology, RAS",39,FALSE,0
26460,Facultad de Humanidades de la Universidad de San Carlos de Guatemala,39,FALSE,0
28206,"Faculdade de Letras, Universidade de Lisboa",39,FALSE,0
29464,Editora OESTE,39,FALSE,0
6007,Macroworld Egitim Hiz. Med. San. Tic. Ltd.,38,FALSE,0
10618,Facultas Verlags- und Buchhandels AG,38,FALSE,0
17306,Anu Books,38,FALSE,0
23041,Editora BAGAI,38,FALSE,0
29649,Fundacja Academicon,38,FALSE,0
31244,PZWL Wydawnictwo Lekarskie,38,FALSE,0
3984,Immanuel Kant Baltic Federal University,37,TRUE,0
4486,Estonian Literary Museum Scholarly Press,37,FALSE,0
28675,Instituto Federal do Piaui,37,FALSE,0
31387,Illiberalism Studies Program,37,FALSE,0
32276,Soft Computing Research Society,37,FALSE,0
11544,LLC MAKS Press,36,FALSE,0
12933,University of Liege,36,FALSE,0
19808,The Courtauld Institute of Art,36,FALSE,0
21477,Alanya Hamdullah Emin Pasa Universitesi,36,FALSE,0
22090,"Institute of Economics and Industrial Engineering, Siberian Branch",36,FALSE,0
32282,Symposium Publishing House Ltd,36,FALSE,0
17803,Real Academia Galega,35,FALSE,0
33428,Limited Liability Company &quot;Yustitsinform&quot;,35,FALSE,0
35603,Centro Universitario Barao de Maua,35,FALSE,0
38774,Hipokratic Congress SL,35,FALSE,0
1529,Mathematical Society of Japan (Project Euclid),34,FALSE,0
9374,Polskie Towarzystwo Teologiczne Sekcja Wydawnicza,34,FALSE,0
9467,Universidad Nacional Autonoma de Mexico,34,FALSE,0
22838,High Rate Consulting Publications,34,FALSE,0
27520,The Institute of Economic Forecasting of the Russian Academy of Sciences,34,FALSE,0
30642,Pro Universitaria,34,FALSE,0
32457,El Colegio de Morelos,34,FALSE,0
39993,Medicinski razgledi,34,FALSE,0
9319,Croatian Academy of Sciences and Arts,33,FALSE,0
10523,Schwabe Verlagsgruppe AG,33,TRUE,0
18846,Central Economic Mathematical Institute of the Russian Academy of Sciences,33,FALSE,0
25100,sui generis Verlag,33,FALSE,0
28200,"Society for Transparency, Openness, and Replication in Kinesiology",33,FALSE,0
31144,"The Global Initiative for Economic, Social and Cultural Rights (GI-ESCR)",33,FALSE,0
34752,Editorial Grupo de Asesoria Empresarial y Academica,33,FALSE,0
36030,Universidad La Salle Oaxaca,33,FALSE,0
36888,Kustannusosakeyhtiö Vastapaino,33,FALSE,0
38069,Instituto Quero Saber,33,FALSE,0
39406,Asociacion Mexicana De Investigacion Interdisciplinaria A.C,33,FALSE,0
613,Begell House,32,FALSE,0
6001,Universiti Malaysia Pahang Publishing,32,FALSE,0
11016,Maastricht University,32,FALSE,0
29276,ALFAHELIX,32,FALSE,0
2686,Entomological Society of America (Arthropod Management Tests),31,FALSE,0
7088,Tomsk State University,31,FALSE,0
10198,Instituto Nacional de Estudos e Pesquisas Educacionais Anisio Teixeira,31,FALSE,0
10768,Riga Stradins University,31,FALSE,0
14109,Radboud University,31,FALSE,0
16422,RS Global Sp. z O.O.,31,FALSE,0
30068,Editora Riemma,31,FALSE,0
35519,Arab Regional Centre for World Heritage,31,FALSE,0
39238,Global Academy Yayincilik Ve Danişmanlik Hizmetleri Sanayi Ticaret Limited Şirketi,31,FALSE,0
2393,University of Michigan Library,30,FALSE,0
11271,T.F. Gorbachev Kuzbass State Technicak University,30,FALSE,0
16468,ICARP FEBRAS,30,FALSE,0
28674,University of Ontario Institute of Technology Library,30,FALSE,0
30663,International Journal of Experimental Research and Review,30,FALSE,0
5235,Edinburgh University Library,29,TRUE,0
10224,University of West Bohemia,29,FALSE,0
31525,Instituto de Investigacion y Capacitacion Profesional del Pacifico,29,FALSE,0
33113,"gta Verlag, ETH Zurich",29,FALSE,0
34137,Paulo Martins Servicos Editoriais e Comercio de Livros Ltda,29,FALSE,0
9719,Instituto Tecnologico Metropolitano (ITM),28,TRUE,0
17873,Universidad Politecnica Estatal del Carchi - UPEC,28,FALSE,0
20116,IOR Press,28,FALSE,0
31099,Instytut Rozwoju Wsi i Rolnictwa Polskiej Akademii Nauk,28,FALSE,0
31951,Real Academia de Bellas Artes de San Fernando,28,FALSE,0
32237,National Academy of Sciences of Ukraine (Co. LTD Ukrinformnauka) (Publications),28,TRUE,0
32593,Istitut Ladin Micura de Ru,28,FALSE,0
11997,Universidad de Manizales,27,FALSE,0
12295,Kharkiv National University of Radioelectronics,27,FALSE,0
16591,Universidade Regional Integrada do Alto U​ruguai e das Missoes,27,FALSE,0
26145,Instituto Andaluz de Administracion Publica,27,FALSE,0
31027,The Art Institute of Chicago,27,FALSE,0
34207,HN Editora,27,FALSE,0
39045,Rimana Editorial,27,FALSE,0
4893,Russian Psychological Society,26,FALSE,0
8984,National Aviation University,26,FALSE,0
16818,"Order Sign of Honor the Institute of History, Language and Literature UFRC RAS",26,FALSE,0
17994,Paco Editorial,26,FALSE,0
20180,Lietuviu Kalbos Institutas,26,FALSE,0
23746,LSPR Communication and Business Institute,26,FALSE,0
31370,International School for Social and Business Studies,26,FALSE,0
1485,International Association for Bridge and Structural Engineering (IABSE),25,FALSE,0
9138,Universidad del Pacifico,25,FALSE,0
9910,SJT Trivent SRL,25,FALSE,0
11664,Universitaria Agustiniana,25,FALSE,0
17420,mediastudies.press,25,FALSE,0
19461,HTWK Leipzig,25,FALSE,0
22678,Scientific Center of Innovative Researches,25,FALSE,0
27080,Fundacao Oswaldo Aranha - FOA,25,FALSE,0
28573,ITD Perspektiva,25,FALSE,0
32417,College de France,25,FALSE,0
1560,Indiana University Press,24,FALSE,0
4792,Mendel University Press,24,TRUE,0
5195,River Publishers,24,TRUE,0
9236,Caister Academic Press,24,FALSE,0
11374,Agriculture and Environmental Science Academy,24,FALSE,0
12335,Uchitel Publishing House,24,FALSE,0
16002,Institute of Fundamental and Applied Parasitology of Animals and Plants,24,FALSE,0
25072,Fundacion Universitaria Juan de Castellanos,24,FALSE,0
26965,Associacao Caruaruense de Ensino Superior e Tecnico - ASCES-UNITA,24,FALSE,0
27631,Candlin & Mynard ePublishing Limited,24,FALSE,0
32612,Sinergia Casa Editorial,24,FALSE,0
36747,Aberdeen University Press,24,FALSE,0
6872,"National Research University, Higher School of Economics (HSE)",23,FALSE,0
7859,Society for Learning Analytics Research,23,FALSE,0
9926,Warsaw University of Life Sciences - SGGW Press,23,FALSE,0
10051,Uniwersytet Jagiellonski - Wydawnictwo Uniwersytetu Jagiellonskiego,23,TRUE,0
10973,Universidad de Piura,23,TRUE,0
11542,Universidade Federal de Alogoas,23,FALSE,0
25481,Magyar Konyvtarosok Egyesulete,23,FALSE,0
25949,Instituto Juridico da Universidade de Coimbra,23,FALSE,0
29541,Navida Editora,23,FALSE,0
30391,Universidad Autónoma de Occidente,23,FALSE,0
33954,Comite Iberoamericano de Etica y Bioetica,23,FALSE,0
36345,Federacion Nacional de Cultivadores de Palma de Aceite - FEDEPALMA,23,FALSE,0
37853,Adaya Press,23,FALSE,0
38633,Klisia,23,FALSE,0
3246,Universidad de la Sabana,22,TRUE,0
8969,Acta Universitatis Gothoburgensis,22,FALSE,0
9811,Universidad Tecnologica de Pereira - UTP,22,FALSE,0
24657,The Ordo Iuris Institute for Legal Culture,22,FALSE,0
25613,Coordinacion de Investigacion e Innovacion UPEL-IPB,22,TRUE,0
27456,Facultad de Ciencias Juridicas y Politicas de la Universidad Nacional del Altiplano de Puno,22,FALSE,0
29993,Universidad Autonoma de Campeche,22,FALSE,0
33571,"Stratum plus I.P., High Anthropological School University",22,FALSE,0
34829,Instituto Multiprofissional de Ensino,22,FALSE,0
34842,AliosVentos Ediciones AC,22,FALSE,0
35739,Norient - Verein fur Kulturproduktion,22,FALSE,0
8312,Instituto de Filosofia e Ciências Humanas - UNICAMP,21,TRUE,0
16922,KROK University,21,FALSE,0
18458,Sarospataki Pedagogiai Fuzetek,21,FALSE,0
21195,Universidad de Ibague,21,FALSE,0
30474,North Carolina State University,21,FALSE,0
30765,Universite Paris Cite,21,FALSE,0
33449,Centre interuniversitaire de recherche en analyse des organisations (CIRANO),21,FALSE,0
35106,Instituto de Inteligencia em Pesquisa e Consultoria Cientifica Ltda,21,FALSE,0
35358,International Association for Group Psychotherapy and Group Processes (IAGP),21,FALSE,0
8740,Instituto Federal Catarinense,20,TRUE,0
10551,University of Minnesota,20,FALSE,0
22162,Centro Universitario de Oriente,20,FALSE,0
22259,Faculdade Metropolitana Norte Riograndense - Famen,20,FALSE,0
23592,Wydawnictwo Uniwersytetu Wroclawskiego,20,FALSE,0
23618,Liepaja University,20,FALSE,0
24750,Saber CDCH-UCV,20,FALSE,0
32595,Universidad San Jorge,20,FALSE,0
34329,RELAEC - Revista Latino-Americana de Estudos Cientificos,20,FALSE,0
2301,Omnia Publisher SL,19,FALSE,0
3175,"University of Western Ontario, Western Libraries",19,FALSE,0
3461,Palacky University Olomouc,19,FALSE,0
6276,University of Cape Town,19,FALSE,0
12296,Institute for Linguistic Studies Russian Academy of Sciences,19,FALSE,0
18655,State Public Scientific-Technical Library,19,FALSE,0
23283,Wachholtz Verlag GmbH,19,FALSE,0
29615,Canal 6 Editora,19,FALSE,0
30616,"BRAZILIAN JOURNAL OF AGROECOLOGY AND SUSTAINABILITY, Centro Vocacional Tecnologico Agrofamiliar",19,FALSE,0
31169,Forum Justica,19,FALSE,0
32405,"Department of Cultural and Religious Studies, The Chinese University of Hong Kong",19,FALSE,0
33653,Athena International Publishing B.V.,19,FALSE,0
34920,CEOS Edicoes - Centro de Estudos Organizacionais e Sociais do Politecnico do Porto,19,FALSE,0
39458,Universidad Nacional Experimental Sur del Lago &quot;Jesús María Semprum&quot; (UNESUR),19,FALSE,0
1604,American Educational Research Association (AERA),18,TRUE,0
2090,RTI Press,18,TRUE,0
2986,University of South Florida Libraries,18,FALSE,0
7787,Odesa I.I. Mechnikov National University,18,FALSE,0
8133,Council on Undergraduate Research,18,FALSE,0
8447,Infonomics Society,18,FALSE,0
8974,Editora Unijui,18,FALSE,0
11468,Borys Grinchenko Kyiv University,18,FALSE,0
11895,Sociedad Mexicana de Historia de la Educacion AC,18,FALSE,0
16194,INION RAS,18,FALSE,0
18789,Pavol Jozef Safarik University in Kosice,18,FALSE,0
23803,Asociacion Latinoamericana para el Avance de la Ciencia,18,FALSE,0
26410,International Institute of Administrative Sciences,18,FALSE,0
34595,"Grupo de Pesquisa Cultura, Direito e Sociedade (DGP/CNPQ/UFMA)",18,FALSE,0
39543,Australian and New Zealand College of Anaesthetists,18,FALSE,0
3361,"Society of Economic Geologists, Inc.",17,FALSE,0
4034,UNED - Universidad Nacional de Educacion a Distancia,17,FALSE,0
4381,Prof. Marin Drinov Publishing House of BAS (Bulgarian Academy of Sciences),17,FALSE,0
9890,Tallinn University Press,17,FALSE,0
16018,Central Library of the Slovak Academy of Sciences,17,FALSE,0
19881,Poltava V.G.Korolenko National Pedagogical University,17,FALSE,0
28298,Universidad Tecnica de Machala,17,FALSE,0
4071,Digital Information Research Foundation,16,FALSE,0
5894,"Institute of Europe, Russian Academy of Sciences (IERAS)",16,FALSE,0
6348,Polish Society of Theoretical and Applied Mechanics,16,FALSE,0
8118,Universidad Pedagogica y Tecnologica de Colombia,16,FALSE,0
8859,Wageningen Academic Publishers,16,FALSE,0
8901,AIJR Publisher,16,TRUE,0
9887,White Rose University Press,16,FALSE,0
18779,Orkana Forlag AS,16,FALSE,0
24815,Federacion Nacional de Cafeteros de Colombia (CENICAFE),16,TRUE,0
31000,Sapientia Szerzetesi Hittudomanyi Foiskola,16,FALSE,0
31610,Instituto Politecnico de Castelo Branco,16,FALSE,0
32375,Central Institute for Labour Protection - National Research Institute,16,FALSE,0
37766,Karlsruhe Institute of Technology Library,16,FALSE,0
40310,Sciencedomain International,16,FALSE,0
418,"Osterreichische Akademie der Wissenschaften, Verlag",15,FALSE,0
4256,Vytautas Magnus University,15,FALSE,0
5860,Universitaet Innsbruck - Innsbruck University Press,15,FALSE,0
7312,W.E. Upjohn Institute for Employment Research,15,FALSE,0
7510,Fundacao Carlos Chagas,15,FALSE,0
9293,University of Groningen Press,15,FALSE,0
9669,Capacious: The Journal for Emerging Affect Inquiry,15,FALSE,0
20015,Rzhanov Institute Semiconductor Physics SB RAS,15,TRUE,0
23428,"Institute of Philosophy and Sociology, Polish Academy of Sciences",15,FALSE,0
25523,Eurasian Law Journal,15,FALSE,0
26771,Latin American Publicacoes,15,FALSE,0
29494,Viella srl,15,FALSE,0
33725,EMC Imprint,15,FALSE,0
34057,Wydawnictwo Avalon Sp. z o.o.,15,FALSE,0
39729,Integrare ICcor,15,FALSE,0
393,Society for Neuroscience,14,TRUE,0
5433,UCL Press,14,TRUE,0
6535,EDIPUCRS,14,FALSE,0
9456,Darshan Publishers,14,FALSE,0
9592,Policia Nacional de Colombia,14,FALSE,0
9860,Skyfox Publishing,14,TRUE,0
11625,Fundacion Universidad de America,14,FALSE,0
17120,Kyiv National University of Culture and Arts,14,FALSE,0
17796,Servicio Geologico Colombiano,14,FALSE,0
22471,Gauteng City - Region Observatory,14,FALSE,0
23868,Prodiko,14,FALSE,0
26392,Fundacja Rozwoju Systemu Edukacji,14,FALSE,0
28192,Orijentalni institut Univerziteta u Sarajevu (University of Sarajevo - Oriental Institute),14,FALSE,0
34696,Bölcsészettudományi Kutatóközpont,14,FALSE,0
36731,Creosar Publishing,14,FALSE,0
38486,Karlstad University Press,14,FALSE,0
38930,EdTech Books,14,FALSE,0
9602,University of Windsor Leddy Library,13,FALSE,0
10438,Bucharest University of Economic Studies,13,FALSE,0
10611,Universidade Estadual de Roraima,13,FALSE,0
16418,Vasyl Stus Donetsk National University,13,FALSE,0
19005,Universitatverlag WINTER Heidelberg,13,TRUE,0
28034,"The Global Health Network, University of Oxford",13,FALSE,0
28436,Revista Multidisciplinar em Educacao e Meio Ambiente,13,FALSE,0
32178,Librairie Philosophique J.Vrin,13,FALSE,0
33249,International Association of Sedimentologists,13,FALSE,0
34270,Atelie da Casa Editorial,13,FALSE,0
36522,Universidad Tecnocientífica del Pacífico SC,13,FALSE,0
36620,University of Dhaka,13,FALSE,0
5805,Corvinus University of Budapest,12,FALSE,0
8159,Institute of Development Studies,12,FALSE,0
10468,University of Porto,12,FALSE,0
11298,Fundacion Universitaria Juan N. Corpas,12,FALSE,0
22730,Azerbaijan Science Center,12,FALSE,0
22982,Education Support and Investment Fund NGO,12,FALSE,0
28333,"Ustav pro ceskou literaturu AV CR, v. v. i.",12,FALSE,0
32306,Varna University of Management,12,FALSE,0
33996,Oklahoma International Publishing,12,FALSE,0
36105,Narodowy Instytut Fryderyka Chopina,12,FALSE,0
38327,Gdynia Maritime University,12,FALSE,0
5954,Research Centre for Astronomy and Earth Sciences,11,FALSE,0
6229,PNRPU Publishing House,11,FALSE,0
6579,University of Bergen Library,11,FALSE,0
9478,Corporacion Universitaria Remington,11,FALSE,0
16368,Scandinavian Military Studies,11,FALSE,0
20334,Cappadocia University,11,FALSE,0
21434,Centro Universitario CIFE,11,FALSE,0
22763,Instytut Sztuki Polskiej Akademii Nauk,11,FALSE,0
23014,Widmaier Verlag,11,TRUE,0
25494,METEOCEANICS UNIP. LDA.,11,FALSE,0
26045,Sociedade Paulista de Radiologia e Diagnostico por Imagem,11,FALSE,0
27995,Universidad Tecnologica de la Mixteca,11,FALSE,0
29304,Escola de Enfermagem de Ribeirao Preto,11,FALSE,0
29391,Desenvolvimento em Debate,11,FALSE,0
31830,Miskolci Egyetem Allam- es Jogtudomanyi Kar,11,FALSE,0
32172,Institute of Zoology,11,FALSE,0
34840,Apprehendere,11,FALSE,0
35667,"University of Denver, University Libraries",11,TRUE,0
39040,HA Edições Literárias,11,FALSE,0
39982,GM Editorial,11,FALSE,0
352,UPV/EHU Press,10,FALSE,0
2220,Chelonian Research Foundation,10,FALSE,0
4722,Bonfring,10,FALSE,0
6078,Cognitive-crcs,10,FALSE,0
8575,Slovenian Forestry Institute,10,FALSE,0
8814,Instituto de Investigacion de Recursos Biologicos Alexander von Humboldt (IAVH),10,FALSE,0
9131,FSBEI HE Astrakhan State University,10,FALSE,0
11995,Editorial Committee of the Swedish Institutes at Athens and Rome (ECSI),10,TRUE,0
17130,Montana State University,10,FALSE,0
17303,Instituto Vianna Junior Ltda,10,FALSE,0
17416,Florida State University Libraries,10,FALSE,0
20049,Institute of State Management of Petro Mohyla Black Sea National University,10,FALSE,0
27470,Mondru Editora LTDA,10,FALSE,0
28528,Kerns Verlag,10,FALSE,0
30335,Retorikforlaget AB,10,FALSE,0
35232,Editora Dince,10,FALSE,0
37677,WSB University in Poznań,10,FALSE,0
39145,Gävle University Press,10,FALSE,0
39972,Ordem dos Advogados do Brasil - Seção Minas Gerais - Subseção Juiz de Fora,10,FALSE,0
40039,IHS Institute for Handwriting Sciences,10,FALSE,0
47563,Instituto de Humanidades y Ciencias de la Conducta A.C.,10,FALSE,0
1709,Ediciones Profesionales de la Informacion SL,9,FALSE,0
3097,"University of Technology, Sydney (UTS)",9,FALSE,0
4974,MESTE NGO,9,FALSE,0
5406,Lepidus Tecnologia,9,TRUE,0
9422,Innovare Academic Sciences Pvt Ltd,9,FALSE,0
9957,"The University of Texas at Austin, Bureau of Economic Geology",9,FALSE,0
12184,The University of Sydney Library,9,FALSE,0
16147,Landscape Architecture Foundation,9,FALSE,0
19491,"Revista AKEDIA - Versoes, Negligencias e Outros Mundos",9,FALSE,0
19889,Te Pukenga,9,FALSE,0
30437,"Libraries, University of Houston",9,FALSE,0
31473,Estrabao,9,TRUE,0
35474,Letra Capital Editora,9,FALSE,0
39265,AT Group Adrian Gorgosz,9,FALSE,0
221,American Association for the Advancement of Science (AAAS),8,TRUE,0
1881,Geological Society of London,8,TRUE,0
5472,Federal Research Center &quot;Computer Science and Control&quot; of the Russian Academy of Sciences,8,FALSE,0
8169,sdvig press,8,FALSE,0
9117,"TSNS Interaktiv Plus, LLC",8,FALSE,0
9695,Autonomous University of the State of Quintana Roo,8,FALSE,0
10411,Malaga University,8,FALSE,0
10452,Malmo University,8,FALSE,0
17838,University of South Bohemia in Ceske Budejovice,8,FALSE,0
22874,MTA Konyvtar es Informacios Kozpont,8,FALSE,0
25035,The Irish Longitudinal Study on Ageing,8,FALSE,0
28964,The Institute of Lithuanian Literature and Folklore,8,FALSE,0
31325,Universitetskanslersambetets publikationer,8,FALSE,0
33818,"Japanese Studies, University of Dhaka",8,FALSE,0
34131,Editora Panaro,8,FALSE,0
38584,Editora UNISV,8,FALSE,0
4176,Seed SRL,7,FALSE,0
5727,"Charles University in Prague, Karolinum Press",7,TRUE,0
9832,The Academy of Transdisciplinary Learning and Advanced Studies,7,FALSE,0
15186,Pravo Publishing House,7,FALSE,0
19636,Stockholmia - forskning och forlag,7,FALSE,0
24556,Universidad la Salle Pachuca,7,FALSE,0
28407,"Institut Catala d Arqueologia Classica, ICAC",7,TRUE,1
30141,GiLE Oktatasi Alapitvany,7,TRUE,0
32812,Quing Publications,7,FALSE,0
37696,"Corporación Internacional de Investigación y Desarrollo en Innovación, Emprendedurismo y Sostenibilidad",7,FALSE,0
38488,Kungliga Skytteanska Samfundets Handlingar,7,FALSE,0
10152,Association of Science Editors and Publishers,6,FALSE,0
10892,The National University of Ostroh Academy,6,FALSE,0
11477,Felix Meiner Verlag GmbH,6,FALSE,0
19929,Universidade Federal de Sao Paulo,6,FALSE,0
29908,"Faculty of Earth and Environmental Sciences, University of Guyana",6,FALSE,0
30229,5m Books Ltd,6,FALSE,0
30763,The Israel Academy of Sciences and Humanities,6,FALSE,0
33268,Escola Superior de Ciencias da Saude da Santa Casa de Misericordia de Vitoria,6,FALSE,0
33761,Grinrey Publishing,6,FALSE,0
38017,Vestigium S.A.,6,FALSE,0
9443,Technosphera JSC,5,TRUE,0
17936,Red de Investigadores Educativos Chihuahua AC,5,FALSE,0
18080,Uppsala University,5,FALSE,0
19527,Institute of Certified Specialists,5,TRUE,0
23641,The Japan Association for Language Teaching (JALT),5,FALSE,0
26932,Universidad Internacional de Ciencia y Tecnologia,5,FALSE,0
28908,Acta Universitatis Upsaliensis,5,FALSE,0
30891,International Centre for Integrated Mountain Development (ICIMOD),5,FALSE,0
32045,National Institute of Maritime Affairs,5,FALSE,0
34120,Editorial Comares S.L.,5,FALSE,0
3666,Academy of Sciences and Arts of Bosnia and Herzegovina,4,FALSE,0
10603,International Society For Education Through Art- InSEA,4,FALSE,0
7024,"Euroasian Scientific and Industrial Chamber, Ltd.",3,FALSE,0
7798,University of Deusto,3,FALSE,0
7984,"Neurosurgical Atlas,Inc.",3,FALSE,0
10471,Instituto Mexicano de Tecnologia del Agua,3,FALSE,0
23328,Sociedad Espanola de Quimioterapia,3,FALSE,0
34249,United States Military Academy Library,3,FALSE,0
311,Wiley,2,TRUE,0
2030,"Peter Lang, International Academic Publishers",2,TRUE,0
7822,Test accounts,2,FALSE,0
9708,Vasundara Groups,2,FALSE,0
11042,Economic and Social Research Institute,2,FALSE,0
11069,OAPEN Foundation,2,FALSE,0
11108,AIMS International,2,FALSE,0
12248,"Ali Nihat Gokyigit Egitim, Saglik, Kultur, Sanat ve Dogal Varliklari Koruma Vakfi (ANG Vakfi)",2,FALSE,0
18874,East-European Law Research Center,2,FALSE,0
20602,Poder Judicial del Peru,2,FALSE,0
24866,NWV Verlag GmbH,2,FALSE,0
28688,Humanities Research Centre,2,FALSE,0
30339,Bank of Greece,2,FALSE,0
30667,Hera Clinic,2,FALSE,0
31343,Zhetysu University named after I. Zhansugurov,2,FALSE,0
34204,Shuangqing Academic Publishing House Limited,2,FALSE,0
37468,Polish Academy of Sciences Chancellery,2,FALSE,0
38547,Wildlife Ecology Institute,2,FALSE,0
235,American Society for Microbiology,1,TRUE,0
7515,IBICT,1,FALSE,0
8596,Alconpat Internacional,1,FALSE,0
8624,Federal Research Institute for Health Organization and Informatics,1,FALSE,0
13844,University of Calgary,1,FALSE,0
16162,OOO KDU,1,FALSE,0
17979,Siberian Academic Book LLC,1,FALSE,0
18244,The Grassroots Institute,1,TRUE,0
26841,Tarek Waly Center Architecture & Heritage,1,FALSE,0
27145,Berkshire Publishing Group,1,FALSE,0
28272,Creative Generation,1,FALSE,0
28805,Insan Medeniyet Hareketi,1,FALSE,0
31150,Tirant lo Blanch Brasil,1,FALSE,0
31400,Educar em Saude,1,FALSE,0
33697,Deutsches Institut fur Vermogensbildung und Altersvorsorge,1,FALSE,0
35633,Scientia International Press,1,FALSE,0
36401,Language Pedagogy,1,FALSE,0
39446,Colección La Fuente,1,FALSE,0
